[
    {
        "key": "dbln",
        "value": "%7B%2261580921114982%22%3A%22wwqY5vZW%22%7D",
        "domain": "facebook.com",
        "path": "/login/device-based/",
        "hostOnly": false,
        "creation": "2025-10-11T20:38:12.962Z",
        "lastAccessed": "2025-10-11T20:38:12.962Z"
    },
    {
        "key": "pas",
        "value": "61567810846706%3AFodnvdN8eX",
        "domain": "facebook.com",
        "path": "/",
        "hostOnly": false,
        "creation": "2025-10-11T20:38:12.962Z",
        "lastAccessed": "2025-10-11T20:38:12.962Z"
    },
    {
        "key": "datr",
        "value": "nmrdaJSE4W-PB9udJZLtjKZ8",
        "domain": "facebook.com",
        "path": "/",
        "hostOnly": false,
        "creation": "2025-10-11T20:38:12.962Z",
        "lastAccessed": "2025-10-11T20:38:12.962Z"
    },
    {
        "key": "fr",
        "value": "0pVbwPkXKhXUKQnd0.AWdraHWAq-uXcabcIVkzJTwx9jKvu60qBW3u2KhdCsYavI1SjlU.Bo3Wqe..AAA.0.0.Bo6r4w.AWfZ15axrS3FPSRKphm0Hg1L87Q",
        "domain": "facebook.com",
        "path": "/",
        "hostOnly": false,
        "creation": "2025-10-11T20:38:12.962Z",
        "lastAccessed": "2025-10-11T20:38:12.962Z"
    },
    {
        "key": "locale",
        "value": "en_GB",
        "domain": "facebook.com",
        "path": "/",
        "hostOnly": false,
        "creation": "2025-10-11T20:38:12.962Z",
        "lastAccessed": "2025-10-11T20:38:12.962Z"
    },
    {
        "key": "fbl_st",
        "value": "101520923%3BT%3A29336909",
        "domain": "facebook.com",
        "path": "/",
        "hostOnly": false,
        "creation": "2025-10-11T20:38:12.962Z",
        "lastAccessed": "2025-10-11T20:38:12.962Z"
    },
    {
        "key": "vpd",
        "value": "v1%3B718x412x2.801992177963257",
        "domain": "facebook.com",
        "path": "/",
        "hostOnly": false,
        "creation": "2025-10-11T20:38:12.962Z",
        "lastAccessed": "2025-10-11T20:38:12.962Z"
    },
    {
        "key": "wl_cbv",
        "value": "v2%3Bclient_version%3A2952%3Btimestamp%3A1760214576",
        "domain": "facebook.com",
        "path": "/",
        "hostOnly": false,
        "creation": "2025-10-11T20:38:12.962Z",
        "lastAccessed": "2025-10-11T20:38:12.962Z"
    },
    {
        "key": "ps_l",
        "value": "1",
        "domain": "facebook.com",
        "path": "/",
        "hostOnly": false,
        "creation": "2025-10-11T20:38:12.962Z",
        "lastAccessed": "2025-10-11T20:38:12.962Z"
    },
    {
        "key": "ps_n",
        "value": "1",
        "domain": "facebook.com",
        "path": "/",
        "hostOnly": false,
        "creation": "2025-10-11T20:38:12.962Z",
        "lastAccessed": "2025-10-11T20:38:12.962Z"
    },
    {
        "key": "dpr",
        "value": "3.080641508102417",
        "domain": "facebook.com",
        "path": "/",
        "hostOnly": false,
        "creation": "2025-10-11T20:38:12.962Z",
        "lastAccessed": "2025-10-11T20:38:12.962Z"
    },
    {
        "key": "wd",
        "value": "1113x1940",
        "domain": "facebook.com",
        "path": "/",
        "hostOnly": false,
        "creation": "2025-10-11T20:38:12.962Z",
        "lastAccessed": "2025-10-11T20:38:12.962Z"
    },
    {
        "key": "presence",
        "value": "C%7B%22lm3%22%3A%22sc.3977409152524403%22%2C%22t3%22%3A%5B%5D%2C%22utc3%22%3A1760215068578%2C%22v%22%3A1%7D",
        "domain": "facebook.com",
        "path": "/",
        "hostOnly": false,
        "creation": "2025-10-11T20:38:12.962Z",
        "lastAccessed": "2025-10-11T20:38:12.962Z"
    }
]
